,Unnamed: 0,운용사,상품명,기간별수익률(1개월),기간별수익률(3개월),기간별수익률(6개월),기간별수익률(1년),기간별수익률(2년),기간별수익률(3년),위험등급,참고지수,위험등급(num),군집,지수1,비중1,지수2,비중2
0,0,IBK자산운용,IBK골드마이닝증권자투자신탁1[주식]종류C-Re,2.25,19.94,33.67,39.77,64.18,70.72,매우높은위험,MSCI ACWI Materials,5,4,MSCI ACWI Materials,1.0,,
1,1,삼성자산운용,삼성글로벌메타버스증권자투자신탁UH[주식]_Cpe(퇴직연금),5.86,-2.8,6.85,24.87,66.78,82.40,높은위험,"MSCI ACWI (KRW) ×90% +
Call ×10%",3,2,MSCI ACWI (KRW),0.9,,
2,2,삼성자산운용,삼성글로벌메타버스증권자투자신탁H[주식]_Cpe(퇴직연금),8.95,0.14,6.83,21.45,53.39,56.30,높은위험,MSCI ACWI(USD) 90% + CALL 10%,3,2,MSCI ACWI(USD),0.9,,
3,3,피델리티자산운용,피델리티글로벌금융주증권자투자신탁CP(주식-재간접형),4.86,1.52,3.96,20.38,49.44,49.57,높은위험,MSCI ACWI Financials,3,2,MSCI ACWI Financials,1.0,,
4,4,하나자산운용,하나글로벌인프라증권자투자신탁[주식]ClassC-P2E,-1.41,3.91,0.8,19.33,24.28,10.51,높은위험,MSCI ACWI INFRASTRUCTURE,3,2,MSCI ACWI INFRASTRUCTURE,1.0,,
5,5,하나자산운용,하나글로벌인프라증권자투자신탁[주식]ClassC-P2,-1.43,3.84,0.67,19.03,23.63,9.63,높은위험,MSCI ACWI INFRASTRUCTURE,3,2,MSCI ACWI INFRASTRUCTURE,1.0,,
6,6,삼성자산운용,삼성아세안증권자투자신탁2[주식](Cpe(퇴직연금)),-0.35,-2.13,0.96,17.32,27.81,34.36,다소높은위험,MSCI South East Asia(원화환 산) 95% + Call 5%,4,0,MSCI South East Asia(원화환 산),0.95,,
7,7,삼성자산운용,삼성아세안증권자투자신탁2[주식](Cp(퇴직연금)),-0.38,-2.21,0.79,16.91,26.92,32.93,다소높은위험,MSCI South East Asia(원화환 산) 95% + Call 5%,4,0,MSCI South East Asia(원화환 산),0.95,,
8,8,키움투자자산운용,키움글로벌차세대IT&네트워크증권자투자신탁(UH)[주식]C-P2e(퇴직연금),7.92,-2.1,3.68,15.23,63.67,80.49,높은위험,"MSCI WI (KRW) ×90% + Call
×10%",3,2,MSCI WI (KRW),0.9,,
9,9,키움투자자산운용,키움글로벌차세대IT&네트워크증권자투자신탁(UH)[주식]C-P2(퇴직연금),7.89,-2.17,3.54,14.91,62.78,79.01,높은위험,"MSCI WI (KRW) ×90% + Call
×10%",3,2,MSCI WI (KRW),0.9,,
10,10,피델리티자산운용,피델리티글로벌배당인컴증권자투자신탁(주식-재간접형)종류CP-e,3.78,2.08,5.8,14.28,32.34,34.96,다소높은위험,MSCI ACWI,4,0,MSCI ACWI,1.0,,
11,11,한국투자신탁운용,한국투자월스트리트투자은행증권투자신탁1(주식)(C-Re),5.86,-1.98,-1.7,14.10,46.23,38.26,높은위험,MSCI ACWI,3,2,MSCI ACWI,1.0,,
12,12,피델리티자산운용,피델리티글로벌배당인컴증권자투자신탁(주식-재간접형)종류CP,3.76,2.02,5.68,14.01,31.72,34.01,다소높은위험,MSCI ACWI,4,0,MSCI ACWI,1.0,,
13,13,마이다스에셋자산 운용,마이다스아시아리더스성장주증권자투자신탁(UH)(주식)C-P2,0.08,2.09,8.5,13.19,10.74,35.90,높은위험,MSCI AC ASIA,3,2,MSCI AC ASIA,1.0,,
14,14,키움투자자산운용,키움글로벌차세대IT&네트워크증권자투자신탁(H)[주식]ClassC-P2e(퇴직연금),11.15,1.01,3.65,11.89,51.45,58.19,높은위험,MSCI WI (USD) ×90% + Call × 10%,3,2,MSCI WI (USD),0.9,,
15,17,키움투자자산운용,키움글로벌차세대IT&네트워크증권자투자신탁(H)[주식]ClassC-P2(퇴직연금),11.13,0.94,3.51,11.58,50.62,56.88,높은위험,MSCI WI (USD) ×90% + Call × 10%,3,2,MSCI WI (USD),0.9,,
16,18,한국투자신탁운용,한국투자웰링턴글로벌퀄리티증권자투자신탁H(주식)(C-Re),4.23,-0.02,2.13,11.07,41.04,40.60,높은위험,MSCI ACWI  90% + Call 10%,3,2,MSCI ACWI,0.9,,
17,19,삼성자산운용,삼성밀당다람쥐글로벌EMP증권자투자신탁[주식혼합-재간접형]_Cpe(퇴직연금),0.07,-3.47,0.95,10.93,35.23,42.12,다소높은위험,MSCI ACWI CR 50% + 종합채 권01Y 50%,4,0,MSCI ACWI CR,0.5,종합채 권01Y,0.5
18,20,한국투자신탁운용,한국투자웰링턴글로벌퀄리티증권자투자신탁H(주식)(C-R),4.21,-0.09,1.99,10.76,40.24,39.41,높은위험,MSCI ACWI  90% + Call 10%,3,2,MSCI ACWI,0.9,,
19,21,삼성자산운용,삼성밀당다람쥐글로벌EMP증권자투자신탁[주식혼합-재간접형]_Cp(퇴직연금),0.06,-3.51,0.85,10.72,34.73,41.33,다소높은위험,MSCI ACWI CR 50% + 종합채 권01Y 50%,4,0,MSCI ACWI CR,0.5,종합채 권01Y,0.5
20,22,삼성자산운용,삼성누버거버먼이머징국공채플러스증권자투자신탁UH[채권-재간접형]_Cp(퇴직연금),-3.45,-5.22,0.65,10.39,31.63,33.13,다소높은위험,"JP Morgan EMBI Global Diversified Index(KRW) 90%
+ CALL 10%",4,0,JP Morgan EMBI Global Diversified Index(KRW),0.9,,
21,23,피델리티자산운용,피델리티인디아증권자투자신탁(주식-재간접형)종류CP-e,-2.04,4.28,-0.21,10.37,43.29,59.91,높은위험,MSCI INDIA,3,2,MSCI INDIA,1.0,,
22,24,삼성자산운용,삼성누버거버먼미국리츠부동산자투자신탁H[REITs-재간접형]_Cpe(퇴직),0.5,-4.42,-10.24,10.30,14.1,-4.63,높은위험,DWGRTT 90%,3,2,DWGRTT,0.9,,
23,25,피델리티자산운용,피델리티인디아증권자투자신탁(주식-재간접형)종류CP,-2.06,4.22,-0.34,10.10,42.59,58.73,높은위험,MSCI INDIA,3,2,MSCI INDIA,1.0,,
24,26,삼성자산운용,삼성누버거버먼미국리츠부동산자투자신탁H[REITs-재간접형]_Cp(퇴직),0.48,-4.51,-10.41,9.91,13.28,-5.64,높은위험,DWGRTT 90%,3,2,DWGRTT,0.9,,
25,27,KB자산운용,KB온국민TDF2055증권자투자신탁(주식혼합-재간접형)(UH)C-퇴직e,0.52,-2.82,1.32,9.57,34.77,45.35,다소높은위험,"MSCI ACWI CR(in KRW) 50%
+ 종합채권01Y 50%",4,0,MSCI ACWI CR(in KRW),0.5,종합채권01Y,0.5
26,28,한화자산운용,한화그린히어로증권자투자신탁(주식)C-RPe(퇴직연금),19.19,13.45,12.2,9.57,30.57,33.55,매우높은위험,MSCI ACWI,5,4,MSCI ACWI,1.0,,
27,29,미래에셋자산운용,미래에셋퇴직플랜증권자투자신탁1(채권)종류C-P2e,-0.66,0.87,2.0,9.54,15.34,15.89,보통위험,종합채권03Y 90%,2,1,종합채권03Y,0.9,,
28,30,미래에셋자산운용,미래에셋퇴직플랜증권자투자신탁1(채권)종류C,-0.66,0.84,1.95,9.44,15.12,15.54,보통위험,종합채권03Y 90%,2,1,종합채권03Y,0.9,,
29,31,피델리티자산운용,피델리티글로벌테크놀로지증권자투자신탁(주식-재간접형)종류CP-e,8.88,-1.62,2.09,9.37,42.78,54.18,높은위험,MSCI ACWI IT 95% + Call 5%,3,2,MSCI ACWI IT,0.95,,
30,32,한화자산운용,한화그린히어로증권자투자신탁(주식)C-RP(퇴직연금),19.16,13.35,12.02,9.22,29.74,32.25,매우높은위험,MSCI ACWI,5,4,MSCI ACWI,1.0,,
31,33,피델리티자산운용,피델리티글로벌테크놀로지증권자투자신탁(주식-재간접형)종류CP,8.86,-1.68,1.97,9.11,42.12,53.09,높은위험,MSCI ACWI IT 95% + Call 5%,3,2,MSCI ACWI IT,0.95,,
32,34,마이다스에셋자산 운용,마이다스아시아리더스성장주증권자투자신탁(H)(주식)C-Pe2,6.18,0.31,6.19,8.41,42.16,34.94,높은위험,MSCI AC ASIA,3,2,MSCI AC ASIA,1.0,,
33,35,삼성자산운용,삼성ETF를담은TDF2055증권자투자신탁[혼합-재간접형]_Cpe(퇴직연금),3.79,0.02,1.08,8.31,26.46,25.24,다소높은위험,MSCI ACWI CR 50% + 종합채 권01Y 50%,4,0,MSCI ACWI CR,0.5,종합채 권01Y,0.5
34,36,NH-Amundi자산 운용,NH-Amundi국채10년인덱스증권자투자신탁[채권]ClassC-P2e(퇴직연금),-0.94,0.57,1.06,8.31,12.71,12.19,보통위험,국공채02Y 90%,2,1,국공채02Y,0.9,,
35,37,KB자산운용,KB통중국4차산업증권자투자신탁(주식)C-퇴직,-2.21,2.74,5.81,8.29,20.22,-10.63,매우높은위험,MSCI CHINA 85% + Call 15%,5,4,MSCI CHINA,0.85,,
36,38,NH-Amundi자산 운용,NH-Amundi국채10년인덱스증권자투자신탁[채권]ClassC-P2(퇴직연금),-0.95,0.54,1.0,8.19,12.45,11.81,보통위험,국공채02Y 90%,2,1,국공채02Y,0.9,,
37,39,한화자산운용,한화LIFEPLUSTDF2050증권자투자신탁(혼합-재간접형)C-RPE(퇴직연금),1.67,-1.56,1.56,8.14,26.91,30.56,높은위험,MSCI ACWI CR 50% + 종합채 권01Y 50%,3,2,MSCI ACWI CR,0.5,종합채 권01Y,0.5
38,40,삼성자산운용,삼성ETF를담은TDF2050증권자투자신탁[혼합-재간접형]_Cpe(퇴직연금),3.57,-0.07,0.97,8.08,25.72,24.46,다소높은위험,MSCI ACWI CR 50% + 종합채 권01Y 50%,4,0,MSCI ACWI CR,0.5,종합채 권01Y,0.5
39,41,교보악사자산운용,교보악사Tomorrow장기우량증권투자신탁K-1(채권)ClassC-Pe,-0.3,1.08,2.03,8.07,14.06,15.89,낮은위험,종합채권03Y 90%,1,3,종합채권03Y,0.9,,
40,42,교보악사자산운용,교보악사Tomorrow장기우량증권투자신탁K-1(채권)ClassCP,-0.31,1.06,1.98,7.96,13.84,15.54,낮은위험,종합채권03Y 90%,1,3,종합채권03Y,0.9,,
41,43,삼성자산운용,삼성ETF를담은TDF2055증권자투자신탁[혼합-재간접형]_Cp(퇴직연금),3.76,-0.08,0.9,7.92,25.55,23.90,다소높은위험,MSCI ACWI CR 50% + 종합채 권01Y 50%,4,0,MSCI ACWI CR,0.5,종합채 권01Y,0.5
42,44,삼성자산운용,삼성ETF를담은TDF2045증권자투자신탁[혼합-재간접형]_Cpe(퇴직연금),3.35,-0.07,0.95,7.91,24.7,23.34,다소높은위험,MSCI ACWI CR 50% + 종합채 권01Y 50%,4,0,MSCI ACWI CR,0.5,종합채 권01Y,0.5
43,45,삼성자산운용,삼성누버거버먼이머징국공채플러스증권자투자신탁H[채권-재간접형]Cpe(퇴직연금),0.27,-1.56,1.06,7.81,23.05,15.87,보통위험,"JP Morgan EMBI Global Diversified Index(USD) 90%
+ CALL 10%",2,1,JP Morgan EMBI Global Diversified Index(USD),0.9,,
44,46,KB자산운용,KB온국민TDF2055증권자투자신탁(주식혼합-재간접형)(H)C-퇴직e,2.92,-0.5,1.46,7.79,27.77,29.47,다소높은위험,MSCI ACWI CR 50% + 종합채 권01Y 50%,4,0,MSCI ACWI CR,0.5,종합채 권01Y,0.5
45,47,한화자산운용,한화LIFEPLUSTDF2040증권자투자신탁(혼합-재간접형)C-RPE(퇴직연금),1.33,-1.43,1.48,7.78,24.72,27.26,높은위험,MSCI ACWI CR 50% + 종합채 권01Y 50%,3,2,MSCI ACWI CR,0.5,종합채 권01Y,0.5
46,48,한화자산운용,한화LIFEPLUSTDF2050증권자투자신탁(혼합-재간접형)C-RP(퇴직연금),1.64,-1.65,1.39,7.76,26.02,29.19,높은위험,MSCI ACWI CR 50% + 종합채 권01Y 50%,3,2,MSCI ACWI CR,0.5,종합채 권01Y,0.5
47,49,KB자산운용,KB온국민TDF2050증권자투자신탁(주식혼합-재간접형)(H)C-퇴직e,2.91,-0.52,1.41,7.72,27.92,30.00,다소높은위험,MSCI ACWI CR 50% + 종합채 권01Y 50%,4,0,MSCI ACWI CR,0.5,종합채 권01Y,0.5
48,50,삼성자산운용,삼성ETF를담은TDF2050증권자투자신탁[혼합-재간접형]_Cp(퇴직연금),3.54,-0.16,0.79,7.70,24.85,23.14,다소높은위험,MSCI ACWI CR 50% + 종합채 권01Y 50%,4,0,MSCI ACWI CR,0.5,종합채 권01Y,0.5
49,51,삼성자산운용,삼성ETF를담은TDF2040증권자투자신탁[혼합-재간접형]_Cpe(퇴직연금),3.11,-0.17,0.89,7.62,23.35,22.19,다소높은위험,MSCI ACWI CR 50% + 종합채 권01Y 50%,4,0,MSCI ACWI CR,0.5,종합채 권01Y,0.5
50,52,신한자산운용,신한마음편한TDF2055증권투자신탁[주식혼합-재간접형](종류C-re),3.01,-1.2,0.83,7.57,28.33,-,높은위험,MSCI ACWI CR 50% + 종합채 권01Y 50%,3,2,MSCI ACWI CR,0.5,종합채 권01Y,0.5
51,53,에셋플러스자산운 용,에셋플러스글로벌리치투게더퇴직연금증권자투자신탁1[주식]종류Ce,9.32,-0.93,1.54,7.55,39.48,52.76,높은위험,MSCI WI,3,2,MSCI WI,1.0,,
52,54,삼성자산운용,삼성ETF를담은TDF2045증권자투자신탁[혼합-재간접형]_Cp(퇴직연금),3.32,-0.16,0.78,7.53,23.82,22.03,다소높은위험,MSCI ACWI CR 50% + 종합채 권01Y 50%,4,0,MSCI ACWI CR,0.5,종합채 권01Y,0.5
53,55,삼성자산운용,삼성누버거버먼이머징국공채플러스증권자투자신탁H[채권-재간접형]Cp(퇴직연금),0.24,-1.64,0.9,7.48,22.31,14.81,보통위험,"JP Morgan EMBI Global Diversified Index(USD) 90%
+ CALL 10%",2,1,JP Morgan EMBI Global Diversified Index(USD),0.9,,
54,56,삼성자산운용,삼성ETF를담은TDF2035증권자투자신탁[혼합-재간접형]_Cpe(퇴직연금),2.88,-0.18,0.88,7.44,22.21,21.19,보통위험,MSCI ACWI CR 50% + 종합채 권01Y 50%,2,1,MSCI ACWI CR,0.5,종합채 권01Y,0.5
55,57,한화자산운용,한화LIFEPLUSTDF2040증권자투자신탁(혼합-재간접형)C-RP(퇴직연금),1.31,-1.5,1.34,7.44,23.89,25.95,높은위험,MSCI ACWI CR 50% + 종합채 권01Y 50%,3,2,MSCI ACWI CR,0.5,종합채 권01Y,0.5
56,58,삼성자산운용,삼성ETF를담은TDF2040증권자투자신탁[혼합-재간접형]_Cp(퇴직연금),3.09,-0.23,0.75,7.27,22.51,20.93,다소높은위험,MSCI ACWI CR 50% + 종합채 권01Y 50%,4,0,MSCI ACWI CR,0.5,종합채 권01Y,0.5
57,59,삼성자산운용,삼성ETF를담은TDF2030증권자투자신탁[혼합-재간접형]_Cpe(퇴직연금),2.49,-0.19,0.89,7.27,20.98,20.24,보통위험,MSCI ACWI CR 50% + 종합채 권01Y 50%,2,1,MSCI ACWI CR,0.5,종합채 권01Y,0.5
58,60,유리자산운용,유리글로벌Top10주식과단기채증권자투자신탁[채권혼합]_ClassC-P1e,3.46,1.18,2.64,7.19,22.44,27.77,보통위험,MSCI ACWI CR 25% + 종합채 권01Y 75%,2,1,MSCI ACWI CR,0.25,종합채 권01Y,0.75
59,61,신한자산운용,신한마음편한TDF2055증권투자신탁[주식혼합-재간접형](종류C-r),2.98,-1.29,0.66,7.19,27.51,-,높은위험,MSCI ACWI CR 50% + 종합채 권01Y 50%,3,2,MSCI ACWI CR,0.5,종합채 권01Y,0.5
60,62,삼성자산운용,삼성ETF를담은TDF2035증권자투자신탁[혼합-재간접형]_Cp(퇴직연금),2.86,-0.23,0.77,7.19,21.6,-,보통위험,MSCI ACWI CR 50% + 종합채 권01Y 50%,2,1,MSCI ACWI CR,0.5,종합채 권01Y,0.5
61,63,신한자산운용,신한마음편한TDF2050증권투자신탁[주식혼합-재간접형](종류C-re),2.76,-1.36,0.66,7.18,28.2,30.77,다소높은위험,MSCI ACWI CR 50% + 종합채 권01Y 50%,4,0,MSCI ACWI CR,0.5,종합채 권01Y,0.5
62,64,피델리티자산운용,피델리티글로벌배당인컴40증권자투자신탁(채권혼합-재간접형)종류CP-e,1.48,1.25,3.07,7.11,15.36,17.87,낮은위험,MSCI ACWI 40% + 종합채권 1Y 60%,1,3,MSCI ACWI,0.4,종합채권 1Y,0.6
63,65,에셋플러스자산운 용,에셋플러스글로벌리치투게더퇴직연금증권자투자신탁1[주식]종류C,9.29,-1.04,1.34,7.10,38.33,50.89,높은위험,MSCI WI,3,2,MSCI WI,1.0,,
64,66,삼성자산운용,삼성ETF를담은TDF2030증권자투자신탁[혼합-재간접형]_Cp(퇴직연금),2.48,-0.25,0.79,7.06,20.5,19.53,보통위험,MSCI ACWI CR 50% + 종합채 권01Y 50%,2,1,MSCI ACWI CR,0.5,종합채 권01Y,0.5
65,67,유리자산운용,유리글로벌Top10주식과단기채증권자투자신탁[채권혼합]_ClassC-P1,3.44,1.14,2.54,6.99,22.05,-,보통위험,MSCI ACWI CR 25% + 종합채 권01Y 75%,2,1,MSCI ACWI CR,0.25,종합채 권01Y,0.75
66,68,신한자산운용,신한TRF안정형OCIO솔루션증권투자신탁[혼합-재간접형](종류C-re),0.61,-1.72,-0.83,6.96,17.16,-,보통위험,MSCI ACWI CR 25% + 종합채 권01Y 75%,2,1,MSCI ACWI CR,0.25,종합채 권01Y,0.75
67,69,신한자산운용,신한마음편한TDF2045증권투자신탁[주식혼합-재간접형](종류C-re),2.48,-1.36,0.52,6.94,27.1,29.10,높은위험,MSCI ACWI CR 50% + 종합채 권01Y 50%,3,2,MSCI ACWI CR,0.5,종합채 권01Y,0.5
68,70,한화자산운용,한화LIFEPLUSTDF2030증권자투자신탁(혼합-재간접형)종류C-RPE(퇴직연금),0.85,-1.12,1.22,6.93,20.04,20.90,다소높은위험,MSCI ACWI CR 50% + 종합채 권01Y 50%,4,0,MSCI ACWI CR,0.5,종합채 권01Y,0.5
69,71,이스트스프링자산 운용,이스트스프링퇴직연금업종일등증권자투자신탁[주식]클래스C-E,6.64,5.77,15.29,6.92,20.49,19.19,높은위험,KOSPI200,3,2,KOSPI200,1.0,,
70,72,피델리티자산운용,피델리티글로벌배당인컴40증권자투자신탁(채권혼합-재간접형)종류CP,1.46,1.19,2.94,6.85,14.81,17.03,낮은위험,MSCI ACWI 40% + 종합채권 1Y 60%,1,3,MSCI ACWI,0.4,종합채권 1Y,0.6
71,73,신한자산운용,신한마음편한TDF2050증권투자신탁[주식혼합-재간접형](종류C-r),2.73,-1.46,0.48,6.79,27.29,29.37,다소높은위험,MSCI ACWI CR 50% + 종합채 권01Y 50%,4,0,MSCI ACWI CR,0.5,종합채 권01Y,0.5
72,74,신한자산운용,신한TRF안정형OCIO솔루션증권투자신탁[혼합-재간접형](종류C-r),0.59,-1.76,-0.91,6.78,16.77,-,보통위험,MSCI ACWI CR 25% + 종합채 권01Y 75%,2,1,MSCI ACWI CR,0.25,종합채 권01Y,0.75
73,75,신한자산운용,신한마음편한TDF2040증권투자신탁[주식혼합-재간접형](종류C-re),2.29,-1.29,0.42,6.77,25.56,27.21,높은위험,MSCI ACWI CR 50% + 종합채 권01Y 50%,3,2,MSCI ACWI CR,0.5,종합채 권01Y,0.5
74,76,한화자산운용,한화LIFEPLUSTDF2030증권자투자신탁(혼합-재간접형)종류C-RP(퇴직연금),0.84,-1.17,1.12,6.73,19.59,20.21,다소높은위험,MSCI ACWI CR 50% + 종합채 권01Y 50%,4,0,MSCI ACWI CR,0.5,종합채 권01Y,0.5
75,77,신한자산운용,신한마음편한TDF2045증권투자신탁[주식혼합-재간접형](종류C-r),2.45,-1.44,0.35,6.56,26.2,27.72,높은위험,MSCI ACWI CR 50% + 종합채 권01Y 50%,3,2,MSCI ACWI CR,0.5,종합채 권01Y,0.5
76,78,미래에셋자산운용,미래에셋전략배분TDF2050혼합자산자투자신탁종류C-P2e,3.34,-2.01,0.85,6.52,26.77,28.08,다소높은위험,MSCI ACWI CR 50% + 종합채 권01Y 50%,4,0,MSCI ACWI CR,0.5,종합채 권01Y,0.5
77,79,이스트스프링자산 운용,이스트스프링퇴직연금업종일등증권자투자신탁[주식]클래스C,6.61,5.67,15.06,6.48,19.52,17.74,높은위험,KOSPI200,3,2,KOSPI200,1.0,,
78,80,미래에셋자산운용,미래에셋퇴직플랜아시아퍼시픽40증권자투자신탁1(채권혼합)종류C-P2e,0.38,-0.66,2.42,6.46,16.06,20.81,보통위험,MSCI AC ASIA PACIFIC ex JAPAN CR 40% + 국공채01Y 60%,2,1,MSCI AC ASIA PACIFIC ex JAPAN CR,0.4,국공채01Y,0.6
79,81,신한자산운용,신한마음편한TDF2035증권투자신탁[주식혼합-재간접형](종류C-re),1.91,-1.29,0.2,6.45,23.42,24.56,다소높은위험,MSCI ACWI CR 50% + 종합채 권01Y 50%,4,0,MSCI ACWI CR,0.5,종합채 권01Y,0.5
80,82,신한자산운용,신한마음편한TDF2040증권투자신탁[주식혼합-재간접형]종류C-r,2.27,-1.36,0.28,6.44,24.73,25.90,높은위험,MSCI ACWI CR 50% + 종합채 권01Y 50%,3,2,MSCI ACWI CR,0.5,종합채 권01Y,0.5
81,83,한국투자신탁운용,한국투자크레딧포커스ESG증권자투자신탁1(채권)(C-Re),0.34,1.43,2.78,6.27,13.76,18.01,낮은위험,종합채권02Y 90%,1,3,종합채권02Y,0.9,,
82,84,미래에셋자산운용,미래에셋전략배분TDF2045혼합자산자투자신탁종류O,3.24,-1.99,0.72,6.27,25.99,-,다소높은위험,MSCI ACWI CR 50% + 종합채 권01Y 50%,4,0,MSCI ACWI CR,0.5,종합채 권01Y,0.5
83,85,신한자산운용,신한마음편한TDF2035증권투자신탁[주식혼합-재간접형]종류C-r,1.9,-1.34,0.1,6.20,22.81,23.62,다소높은위험,MSCI ACWI CR 50% + 종합채 권01Y 50%,4,0,MSCI ACWI CR,0.5,종합채 권01Y,0.5
84,86,얼라이언스번스틴 자산운용,AB미국그로스증권투자신탁(주식-재간접형)종류형Ce-P2,8.1,-0.58,-0.91,6.17,39.21,51.91,높은위험,S&P 500,3,2,S&P 500,1.0,,
85,87,키움투자자산운용,키움키워드림TDF2045증권투자신탁1[혼합-재간접형]C-P2e(퇴직연금),2.64,-2.14,-0.92,6.17,25.13,21.35,다소높은위험,MSCI ACWI CR 50% + 종합채 권01Y 50%,4,0,MSCI ACWI CR,0.5,종합채 권01Y,0.5
86,88,한국투자신탁운용,한국투자크레딧포커스ESG증권자투자신탁1(채권)(C-R),0.33,1.41,2.7277,6.1552,13.51,17.629,낮은위험,종합채권02Y 90%,1,3,종합채권02Y,0.9,,
87,89,미래에셋자산운용,미래에셋전략배분TDF2045혼합자산자투자신탁종류C-P2e,3.23,-2.02,0.66,6.14,25.7,26.84,다소높은위험,MSCI ACWI CR 50% + 종합채 권01Y 50%,4,0,MSCI ACWI CR,0.5,종합채 권01Y,0.5
88,90,미래에셋자산운용,미래에셋전략배분TDF2050혼합자산자투자신탁종류C-P2,3.32,-2.11,0.66,6.14,25.87,26.71,다소높은위험,MSCI ACWI CR 50% + 종합채 권01Y 50%,4,0,MSCI ACWI CR,0.5,종합채 권01Y,0.5
89,91,한화자산운용,한화LIFEPLUSTDF2025증권자투자신탁(혼합-재간접형)종류C-RPE(퇴직연금),0.48,-0.93,0.97,6.07,16.88,16.53,다소높은위험,MSCI ACWI CR 50% + 종합채 권01Y 50%,4,0,MSCI ACWI CR,0.5,종합채 권01Y,0.5
90,92,미래에셋자산운용,미래에셋퇴직플랜아시아퍼시픽40증권자투자신탁1(채권혼합)종류C-P2,0.35,-0.75,2.24,6.07,15.21,19.49,보통위험,MSCI AC ASIA PACIFIC ex JAPAN CR 40% + 국공채01Y 60%,2,1,MSCI AC ASIA PACIFIC ex JAPAN CR,0.4,국공채01Y,0.6
91,93,신한자산운용,신한마음편한TDF2030증권투자신탁[주식혼합-재간접형](종류C-re),1.46,-1.15,-0.03,6.03,20.48,20.81,다소높은위험,MSCI ACWI CR 50% + 종합채 권01Y 50%,4,0,MSCI ACWI CR,0.5,종합채 권01Y,0.5
92,94,키움투자자산운용,키움키워드림TDF2030증권투자신탁1[혼합-재간접형]C-P2e(퇴직연금),1.23,-1.86,-0.53,6.03,19.8,16.44,다소높은위험,MSCI ACWI CR 50% + 종합채 권01Y 50%,4,0,MSCI ACWI CR,0.5,종합채 권01Y,0.5
93,95,미래에셋자산운용,미래에셋전략배분TDF2040혼합자산자투자신탁종류C-P2e,3.06,-2.07,0.64,6.01,25.06,26.07,다소높은위험,MSCI ACWI CR 50% + 종합채 권01Y 50%,4,0,MSCI ACWI CR,0.5,종합채 권01Y,0.5
94,96,키움투자자산운용,키움키워드림TDF2035증권투자신탁1[혼합-재간접형]C-P2e(퇴직연금),1.75,-2.08,-0.83,5.98,22.49,19.64,다소높은위험,MSCI ACWI CR 50% + 종합채 권01Y 50%,4,0,MSCI ACWI CR,0.5,종합채 권01Y,0.5
95,97,키움투자자산운용,키움키워드림TDF2040증권투자신탁1[혼합-재간접형]C-P2e(퇴직연금),2.27,-2.17,-0.91,5.97,24.53,22.00,다소높은위험,MSCI ACWI CR 50% + 종합채 권01Y 50%,4,0,MSCI ACWI CR,0.5,종합채 권01Y,0.5
96,98,삼성자산운용,삼성퇴직연금코리아대표40증권자투자신탁1[채권혼합]_Ce,2.34,2.54,6.07,5.94,12.4,12.04,보통위험,KOSPI200 25% + 종합채권 01Y 75%,2,1,KOSPI200,0.25,종합채권 01Y,0.75
97,99,한화자산운용,한화LIFEPLUSTDF2025증권자투자신탁(혼합-재간접형)C-RP(퇴직연금),0.47,-0.98,0.87,5.87,16.44,15.87,다소높은위험,MSCI ACWI CR 50% + 종합채 권01Y 50%,4,0,MSCI ACWI CR,0.5,종합채 권01Y,0.5
98,100,미래에셋자산운용,미래에셋연금인디아업종대표증권자투자신탁1(주식)종류C-P2e,-2.32,7.73,-3.36,5.84,44.62,64.64,높은위험,MSCI INDIA,3,2,MSCI INDIA,1.0,,
99,101,신한자산운용,신한마음편한TDF2030증권투자신탁[주식혼합-재간접형]종류C-r,1.44,-1.2,-0.13,5.83,20.01,20.11,다소높은위험,MSCI ACWI CR 50% + 종합채 권01Y 50%,4,0,MSCI ACWI CR,0.5,종합채 권01Y,0.5
100,102,키움투자자산운용,키움키워드림TDF2045증권투자신탁1[혼합-재간접형]C-P2(퇴직연금),2.62,-2.22,-1.07,5.82,24.29,20.11,다소높은위험,MSCI ACWI CR 50% + 종합채 권01Y 50%,4,0,MSCI ACWI CR,0.5,종합채 권01Y,0.5
101,103,미래에셋자산운용,미래에셋전략배분TDF2045혼합자산자투자신탁종류C-P2,3.21,-2.1,0.51,5.81,24.93,25.68,다소높은위험,MSCI ACWI CR 50% + 종합채 권01Y 50%,4,0,MSCI ACWI CR,0.5,종합채 권01Y,0.5
102,104,키움투자자산운용,키움키워드림TDF2030증권투자신탁1[혼합-재간접형]C-P2(퇴직연금),1.22,-1.91,-0.63,5.81,19.31,15.72,다소높은위험,MSCI ACWI CR 50% + 종합채 권01Y 50%,4,0,MSCI ACWI CR,0.5,종합채 권01Y,0.5
103,105,얼라이언스번스틴 자산운용,AB미국그로스증권투자신탁(주식-재간접형)종류형C-P2,8.07,-0.67,-1.08,5.81,38.26,50.34,높은위험,S&P 500,3,2,S&P 500,1.0,,
104,106,키움투자자산운용,키움키워드림TDF2050증권투자신탁1[혼합-재간접형]C-P2e(퇴직연금),2.79,-2.24,-1.1,5.74,24.73,21.42,다소높은위험,MSCI ACWI CR 50% + 종합채 권01Y 50%,4,0,MSCI ACWI CR,0.5,종합채 권01Y,0.5
105,107,미래에셋자산운용,미래에셋전략배분TDF2040혼합자산자투자신탁종류C-P2,3.04,-2.14,0.51,5.74,24.42,25.10,다소높은위험,MSCI ACWI CR 50% + 종합채 권01Y 50%,4,0,MSCI ACWI CR,0.5,종합채 권01Y,0.5
106,108,키움투자자산운용,키움키워드림TDF2035증권투자신탁1[혼합-재간접형]C-P2(퇴직연금),1.73,-2.14,-0.937,5.7319,21.89,18.741,다소높은위험,MSCI ACWI CR 50% + 종합채 권01Y 50%,4,0,MSCI ACWI CR,0.5,종합채 권01Y,0.5
107,109,한국투자신탁운용,한국투자TDF알아서2045증권투자신탁(주식혼합-재간접형)(O),3.4,-1.02,0.45,5.69,25.08,-,다소높은위험,MSCI ACWI CR 50% + 종합채 권01Y 50%,4,0,MSCI ACWI CR,0.5,종합채 권01Y,0.5
108,110,키움투자자산운용,키움키워드림TDF2040증권투자신탁1[혼합-재간접형]C-P2(퇴직연금),2.25,-2.24,-1.04,5.66,23.8,20.91,다소높은위험,MSCI ACWI CR 50% + 종합채 권01Y 50%,4,0,MSCI ACWI CR,0.5,종합채 권01Y,0.5
109,111,삼성자산운용,삼성퇴직연금코리아대표40증권자투자신탁1[채권혼합]C,2.31,2.47,5.93,5.64,11.78,11.11,보통위험,KOSPI200 25% + 종합채권 01Y 75%,2,1,KOSPI200,0.25,종합채권 01Y,0.75
110,113,KB자산운용,KB온국민평생소득TIF20증권자투자신탁(채권혼합-재간접형)C-퇴직e,0.13,1.65,0.48,5.58,5.55,9.50,보통위험,MSCI ACWI CR 25% + 종합채 권01Y 75%,2,1,MSCI ACWI CR,0.25,종합채 권01Y,0.75
111,114,키움투자자산운용,키움키워드림TDF2025증권투자신탁1[혼합-재간접형]C-P2e(퇴직연금),0.46,-1.71,-0.37,5.56,16.93,12.52,보통위험,MSCI ACWI CR 50% + 종합채 권01Y 50%,2,1,MSCI ACWI CR,0.5,종합채 권01Y,0.5
112,115,키움투자자산운용,키움퇴직연금코어밸류40증권자투자신탁1[채권혼합]ClassC,2.16,2.08,6.73,5.52,12.74,14.06,보통위험,KOSPI200 25% + 종합채권 01Y 75%,2,1,KOSPI200,0.25,종합채권 01Y,0.75
113,116,한국투자신탁운용,한국투자TDF알아서2045증권투자신탁(주식혼합-재간접형)(C-Re),3.38,-1.06,0.37,5.51,24.65,25.82,다소높은위험,MSCI ACWI CR 50% + 종합채 권01Y 50%,4,0,MSCI ACWI CR,0.5,종합채 권01Y,0.5
114,117,한국투자신탁운용,한국투자TDF알아서2040증권투자신탁(주식혼합-재간접형)(C-Re),3.02,-0.96,0.52,5.50,23.59,24.61,다소높은위험,MSCI ACWI CR 50% + 종합채 권01Y 50%,4,0,MSCI ACWI CR,0.5,종합채 권01Y,0.5
115,118,한국투자신탁운용,한국투자TDF알아서2035증권투자신탁(주식혼합-재간접형)(C-Re),2.56,-0.93,0.59,5.48,22.32,23.00,다소높은위험,MSCI ACWI CR 50% + 종합채 권01Y 50%,4,0,MSCI ACWI CR,0.5,종합채 권01Y,0.5
116,119,미래에셋자산운용,미래에셋전략배분TDF2035혼합자산자투자신탁종류O,2.43,-2.08,0.45,5.44,22.83,-,다소높은위험,MSCI ACWI CR 50% + 종합채 권01Y 50%,4,0,MSCI ACWI CR,0.5,종합채 권01Y,0.5
117,120,한화자산운용,한화코리아밸류채권증권자투자신탁(채권)종류C-RPe(퇴직연금),0.34,1.26,2.3926,5.4246,11.19,14.173,낮은위험,종합채권02Y 90%,1,3,종합채권02Y,0.9,,
118,121,삼성자산운용,삼성퇴직연금코리아중소형40증권자투자신탁1[채권혼합]Ce,2.67,3.3,9.02,5.42,15.84,16.95,보통위험,KOSPI200 25% + 종합채권 01Y 75%,2,1,KOSPI200,0.25,종합채권 01Y,0.75
119,122,미래에셋자산운용,미래에셋연금인디아업종대표증권자투자신탁1(주식)종류C-P2,-2.36,7.62,-3.56,5.40,43.43,62.57,높은위험,MSCI INDIA,3,2,MSCI INDIA,1.0,,
120,123,KB자산운용,KB온국민평생소득TIF20증권자투자신탁(채권혼합-재간접형)C-퇴직,0.13,1.65,0.391,5.3915,5.55,8.9169,보통위험,MSCI ACWI CR 25% + 종합채 권01Y 75%,2,1,MSCI ACWI CR,0.25,종합채 권01Y,0.75
121,124,우리자산운용,우리알리안츠인컴앤그로스증권자투자신탁[주식혼합_재간접형](H)ClassPe1,3.03,-0.91,-0.79,5.38,18.74,20.26,다소높은위험,MSCI NORTH AMERICA CR 50% + 종합채권01Y 50%,4,0,MSCI NORTH AMERICA CR,0.5,종합채권01Y,0.5
122,125,한국투자신탁운용,한국투자TDF알아서2030증권투자신탁(주식혼합-재간접형)(C-Re),2.0,-0.92,0.65,5.38,20.12,20.35,다소높은위험,MSCI ACWI CR 50% + 종합채 권01Y 50%,4,0,MSCI ACWI CR,0.5,종합채 권01Y,0.5
123,126,키움투자자산운용,키움키워드림TDF2050증권투자신탁1[혼합-재간접형]C-P2(퇴직연금),2.76,-2.34,-1.28,5.36,23.85,20.12,다소높은위험,MSCI ACWI CR 50% + 종합채 권01Y 50%,4,0,MSCI ACWI CR,0.5,종합채 권01Y,0.5
124,127,미래에셋자산운용,미래에셋전략배분TDF2035혼합자산자투자신탁종류C-P2e,2.42,-2.1,0.41,5.36,22.64,23.75,다소높은위험,MSCI ACWI CR 50% + 종합채 권01Y 50%,4,0,MSCI ACWI CR,0.5,종합채 권01Y,0.5
125,128,키움투자자산운용,키움키워드림TDF2025증권투자신탁1[혼합-재간접형]C-P2(퇴직연금),0.44,-1.76,-0.46,5.36,16.47,11.85,보통위험,MSCI ACWI CR 50% + 종합채 권01Y 50%,2,1,MSCI ACWI CR,0.5,종합채 권01Y,0.5
126,129,한화자산운용,한화코리아밸류채권증권자투자신탁(채권)종류C-RP(퇴직연금),0.33,1.24,2.35,5.34,11.02,13.90,낮은위험,종합채권02Y 90%,1,3,종합채권02Y,0.9,,
127,130,한국투자신탁운용,한국투자TDF알아서증권투자신탁(채권혼합-재간접형)(C-Re),1.29,-0.66,0.92,5.31,15.99,14.62,보통위험,MSCI ACWI CR 50% + 종합채 권01Y 50%,2,1,MSCI ACWI CR,0.5,종합채 권01Y,0.5
128,132,한국투자신탁운용,한국투자TDF알아서2025증권투자신탁(주식혼합-재간접형)(C-Re),1.43,-0.81,0.78,5.24,17.25,16.55,보통위험,MSCI ACWI CR 50% + 종합채 권01Y 50%,2,1,MSCI ACWI CR,0.5,종합채 권01Y,0.5
129,133,마이다스에셋자산 운용,마이다스퇴직연금배당40증권자투자신탁1(채권혼합)Ce,2.6,2.98,7.5,5.17,12.33,14.56,보통위험,KOSPI200 25% + 종합채권 01Y 75%,2,1,KOSPI200,0.25,종합채권 01Y,0.75
130,134,우리자산운용,우리알리안츠인컴앤그로스증권자투자신탁[주식혼합_재간접형](H)ClassP1,3.01,-0.97,-0.9,5.14,18.2,19.44,다소높은위험,MSCI NORTH AMERICA CR 50% + 종합채권01Y 50%,4,0,MSCI NORTH AMERICA CR,0.5,종합채권01Y,0.5
131,135,미래에셋자산운용,미래에셋전략배분TDF2035혼합자산자투자신탁종류C-P2,2.41,-2.16,0.31,5.14,22.14,22.98,다소높은위험,MSCI ACWI CR 50% + 종합채 권01Y 50%,4,0,MSCI ACWI CR,0.5,종합채 권01Y,0.5
132,136,삼성자산운용,삼성퇴직연금코리아중소형40증권자투자신탁1[채권혼합]C,2.65,3.23,8.87,5.13,15.2,15.98,보통위험,KOSPI200 25% + 종합채권 01Y 75%,2,1,KOSPI200,0.25,종합채권 01Y,0.75
133,137,한국투자신탁운용,한국투자TDF알아서증권투자신탁(채권혼합-재간접형)C-R,1.28,-0.71,0.83,5.10,15.54,13.95,보통위험,MSCI ACWI CR 50% + 종합채 권01Y 50%,2,1,MSCI ACWI CR,0.5,종합채 권01Y,0.5
134,138,한국투자신탁운용,한국투자TDF알아서2020증권자투자신탁(채권혼합-재간접형)(C-Re),1.4,-0.81,0.73,5.09,16.39,15.31,보통위험,MSCI ACWI CR 50% + 종합채 권01Y 50%,2,1,MSCI ACWI CR,0.5,종합채 권01Y,0.5
135,139,유진자산운용,유진챔피언중단기채증권자투자신탁(채권)ClassC-Re,0.3,1.12,2.2,5.05,10.68,15.33,낮은위험,종합채권02Y 90%,1,3,종합채권02Y,0.9,,
136,140,우리자산운용,우리하이플러스채권증권자투자신탁1(채권)ClassC-Pe,0.28,1.08,2.19,5.04,10.56,14.66,낮은위험,종합채권02Y 90%,1,3,종합채권02Y,0.9,,
137,141,미래에셋자산운용,미래에셋전략배분TDF2030혼합자산자투자신탁종류C-P2e,1.87,-1.69,0.54,4.98,18.82,18.95,보통위험,MSCI ACWI CR 50% + 종합채 권01Y 50%,2,1,MSCI ACWI CR,0.5,종합채 권01Y,0.5
138,142,우리자산운용,우리하이플러스채권증권자투자신탁1(채권)ClassC-P,0.28,1.05,2.15,4.96,10.39,14.39,낮은위험,종합채권02Y 90%,1,3,종합채권02Y,0.9,,
139,143,유진자산운용,유진챔피언중단기채증권자투자신탁(채권)ClassC-R,0.29,1.09,2.15,4.93,10.43,14.94,낮은위험,종합채권02Y 90%,1,3,종합채권02Y,0.9,,
140,144,마이다스에셋자산 운용,마이다스퇴직연금배당40증권자투자신탁1(채권혼합)C,2.58,2.91,7.36,4.89,11.73,13.64,보통위험,KOSPI200 25% + 종합채권 01Y 75%,2,1,KOSPI200,0.25,종합채권 01Y,0.75
141,145,신한자산운용,신한마음편한TDF2025증권투자신탁[주식혼합-재간접형](종류C-re),0.95,-0.83,-0.07,4.84,16.2,15.54,보통위험,MSCI ACWI CR 50% + 종합채 권01Y 50%,2,1,MSCI ACWI CR,0.5,종합채 권01Y,0.5
142,146,미래에셋자산운용,미래에셋전략배분TDF2030혼합자산자투자신탁종류C-P2,1.86,-1.75,0.44,4.76,18.33,18.21,보통위험,MSCI ACWI CR 50% + 종합채 권01Y 50%,2,1,MSCI ACWI CR,0.5,종합채 권01Y,0.5
143,147,신한자산운용,신한마음편한TDF2025증권투자신탁[주식혼합-재간접형](종류C-r),0.94,-0.88,-0.16,4.63,15.76,14.87,보통위험,MSCI ACWI CR 50% + 종합채 권01Y 50%,2,1,MSCI ACWI CR,0.5,종합채 권01Y,0.5
144,148,미래에셋자산운용,미래에셋전략배분TDF2025혼합자산자투자신탁종류O,1.54,-1.32,0.68,4.60,16.21,-,보통위험,MSCI ACWI CR 50% + 종합채 권01Y 50%,2,1,MSCI ACWI CR,0.5,종합채 권01Y,0.5
145,149,IBK자산운용,IBK플레인바닐라EMP증권투자신탁[혼합-재간접형]종류C-Re,4.67,1.33,2.05,4.52,22.79,8.05,다소높은위험,"MSCI ACWI CR 50% +
Bloomberg Barclays GLOBAL AGGREGATE(KRW HEDGED)
50%",4,0,MSCI ACWI CR,0.5,Bloomberg Barclays GLOBAL AGGREGATE(KRW HEDGED),0.5
146,150,미래에셋자산운용,미래에셋전략배분TDF2025혼합자산자투자신탁종류C-P2e,1.53,-1.34,0.64,4.51,16.03,15.72,보통위험,MSCI ACWI CR 50% + 종합채 권01Y 50%,2,1,MSCI ACWI CR,0.5,종합채 권01Y,0.5
147,151,NH-Amundi자산 운용,NH-Amundi글로벌혁신기업증권자투자신탁(H)[주식]ClassC-P2e(퇴직연금),6.47,-3.86,-4.64,4.42,33.03,27.20,높은위험,MSCI ACWI Information Technology,3,2,MSCI ACWI Information Technology,1.0,,
148,152,삼성자산운용,삼성평생소득TIF20증권자투자신탁H[채권혼합-재간접형]_Cpe(퇴직연금),-0.26,-0.24,1.12,4.39,7.76,4.77,낮은위험,MSCI ACWI CR 25% + 종합채 권01Y 75%,1,3,MSCI ACWI CR,0.25,종합채 권01Y,0.75
149,153,키움투자자산운용,키움더드림단기채증권투자신탁[채권]C-P2e(퇴직연금),0.32,1.0,2.02,4.36,9.5,14.15,매우낮은위험,KAP CD 6개월  90%,0,5,KAP CD 6개월,0.9,,
150,154,미래에셋자산운용,미래에셋전략배분TDF2025혼합자산자투자신탁종류C-P2,1.52,-1.39,0.54,4.30,15.57,15.03,보통위험,MSCI ACWI CR 50% + 종합채 권01Y 50%,2,1,MSCI ACWI CR,0.5,종합채 권01Y,0.5
151,155,한국투자신탁운용,한국투자글로벌전기차&자율주행증권투자신탁(주식)(C-Re),3.16,-6.06,-1.55,4.29,-8.22,-8.50,높은위험,NYSE FactSet Gbl Atnms Drvng and Elec Vhcl 90% + CALL 10%,3,2,NYSE FactSet Gbl Atnms Drvng and Elec Vhcl,0.9,,
152,156,키움투자자산운용,키움더드림단기채증권투자신탁[채권]C-P2(퇴직연금),0.31,0.97,1.97,4.25,9.26,13.77,매우낮은위험,KAP CD 6개월  90%,0,5,KAP CD 6개월,0.9,,
153,157,미래에셋자산운용,미래에셋평생소득TIF혼합자산자투자신탁종류C-P2e,1.09,-0.85,0.81,4.22,12.38,9.03,보통위험,MSCI ACWI CR 25% + 종합채 권01Y 75%,2,1,MSCI ACWI CR,0.25,종합채 권01Y,0.75
154,158,IBK자산운용,IBK플레인바닐라EMP증권투자신탁[혼합-재간접형]종류C-R,4.65,1.25,1.89,4.20,22.06,7.07,다소높은위험,"MSCI ACWI CR 50% +
Bloomberg Barclays GLOBAL AGGREGATE(KRW HEDGED)
50%",4,0,MSCI ACWI CR,0.5,Bloomberg Barclays GLOBAL AGGREGATE(KRW HEDGED),0.5
155,159,삼성자산운용,삼성평생소득TIF20증권자투자신탁H[채권혼합-재간접형]_Cp(퇴직연금),-0.28,-0.28,1.02,4.19,7.35,4.18,낮은위험,MSCI ACWI CR 25% + 종합채 권01Y 75%,1,3,MSCI ACWI CR,0.25,종합채 권01Y,0.75
156,160,마이다스에셋자산 운용,마이다스단기국공채공모주증권투자신탁1(채권혼합)C-Pe2,0.28,1.2,1.92,4.09,9.85,11.77,낮은위험,KOSPI200 10% + 종합채권 01Y 90%,1,3,KOSPI200,0.1,종합채권 01Y,0.9
157,161,우리자산운용,우리PIMCO글로벌투자등급자투자신탁[채권_재간접형](H)ClassPe1,-0.83,-1.13,0.19,4.04,8.15,3.66,보통위험,Bloomberg Barclays Global Aggregate Ex-Korea(USD Hedged),2,1,Bloomberg Barclays Global Aggregate Ex-Korea(USD Hedged),1.0,,
158,162,미래에셋자산운용,미래에셋평생소득TIF혼합자산자투자신탁종류C-P2,1.08,-0.9,0.72,4.03,11.97,8.41,보통위험,MSCI ACWI CR 25% + 종합채 권01Y 75%,2,1,MSCI ACWI CR,0.25,종합채 권01Y,0.75
159,163,NH-Amundi자산 운용,NH-Amundi글로벌혁신기업증권자투자신탁(H)[주식]ClassC-P2(퇴직연금),6.44,-3.97,-4.83,4.00,31.97,25.67,높은위험,MSCI ACWI Information Technology,3,2,MSCI ACWI Information Technology,1.0,,
160,164,마이다스에셋자산 운용,마이다스단기국공채공모주증권투자신탁1(채권혼합)C-P2,0.27,1.16,1.83,3.91,9.47,11.19,낮은위험,KOSPI200 10% + 종합채권 01Y 90%,1,3,KOSPI200,0.1,종합채권 01Y,0.9
161,165,우리자산운용,우리PIMCO글로벌투자등급자투자신탁[채권_재간접형](H)ClassP1,-0.84,-1.17,0.12,3.88,7.83,3.20,보통위험,Bloomberg Barclays Global Aggregate Ex-Korea(USD Hedged),2,1,Bloomberg Barclays Global Aggregate Ex-Korea(USD Hedged),1.0,,
162,166,한국투자신탁운용,한국투자글로벌전기차&자율주행증권투자신탁(주식)(C-R),3.12,-6.17,-1.78,3.82,-9.07,-9.77,높은위험,NYSE FactSet Gbl Atnms Drvng and Elec Vhcl 90% + CALL 10%,3,2,NYSE FactSet Gbl Atnms Drvng and Elec Vhcl,0.9,,
163,167,미래에셋자산운용,미래에셋퇴직플랜글로벌다이나믹증권자투자신탁1(채권)종류C-P2e,-0.32,-0.23,0.68,3.66,7.3,5.92,낮은위험,"JP Morgan Bloomberg Barclays GLOBAL AGGREGATE(KRW HEDGED)
50% + JACI Sovereign 50%",1,3,JP Morgan Bloomberg Barclays GLOBAL AGGREGATE(KRW HEDGED),0.5,JACI Sovereign,0.5
164,168,미래에셋자산운용,미래에셋퇴직플랜글로벌다이나믹증권자투자신탁1(채권)종류C,-0.34,-0.26,0.61,3.50,6.98,5.45,낮은위험,"JP Morgan Bloomberg Barclays GLOBAL AGGREGATE(KRW HEDGED)
50% + JACI Sovereign 50%",1,3,JP Morgan Bloomberg Barclays GLOBAL AGGREGATE(KRW HEDGED),0.5,JACI Sovereign,0.5
165,169,베어링자산운용,베어링고배당증권자투자신탁(주식)ClassC-P2e,6.78,7.16,9.7,3.23,19.09,18.71,높은위험,코스피 고배당 50,3,2,코스피 고배당 50,1.0,,
166,170,미래에셋자산운용,미래에셋개인전용MMF1(국공채)종류C-P2e,0.22,0.67,1.4,3.09,6.7,9.70,매우낮은위험,CALL,0,5,,,,
167,171,미래에셋자산운용,미래에셋개인전용MMF1(국공채)종류C-P2,0.21,0.65,1.35,2.99,6.49,9.37,매우낮은위험,CALL,0,5,,,,
168,172,베어링자산운용,베어링고배당증권자투자신탁(주식)ClassC-P2,6.76,7.09,9.54,2.93,18.4,17.67,높은위험,코스피 고배당 50,3,2,코스피 고배당 50,1.0,,
169,173,미래에셋자산운용,미래에셋퇴직연금스마트롱숏30증권자투자신탁1(채권혼합)종류C-P2e,1.66,1.59,3.87,2.75,9.74,10.97,낮은위험,KOSPI200 25% + 종합채권 01Y 75%,1,3,KOSPI200,0.25,종합채권 01Y,0.75
170,174,미래에셋자산운용,미래에셋퇴직연금스마트롱숏30증권자투자신탁1(채권혼합)종류C,1.64,1.52,3.74,2.49,9.2,10.15,낮은위험,KOSPI200 25% + 종합채권 01Y 75%,1,3,KOSPI200,0.25,종합채권 01Y,0.75
171,175,교보악사자산운용,교보악사파워인덱스증권자투자신탁1(주식)ClassC-Pe,7.36,5.84,13.59,2.41,13.06,11.87,높은위험,KOSPI200,3,2,KOSPI200,1.0,,
172,176,슈로더투자신탁운 용,슈로더글로벌지속가능성장주증권투자신탁(주식-재간접형)종류C-CPe(퇴직연금),6.03,0.11,0.63,2.22,18.89,26.14,높은위험,MSCI ACWI,3,2,MSCI ACWI,1.0,,
173,177,삼성자산운용,삼성퇴직연금인덱스증권자투자신탁1[주식]Ce,7.17,5.52,13.54,2.12,12.53,11.16,높은위험,KOSPI200,3,2,KOSPI200,1.0,,
174,178,교보악사자산운용,교보악사파워인덱스증권자투자신탁1[주식]ClassCP,7.34,5.76,13.43,2.11,12.39,10.87,높은위험,KOSPI200,3,2,KOSPI200,1.0,,
175,179,미래에셋자산운용,미래에셋퇴직연금스마트롱숏50증권자투자신탁1(주식혼합)종류C-e,3.35,2.67,7.04,2.01,12.63,13.51,낮은위험,KOSPI200 25% + 종합채권 01Y 75%,1,3,KOSPI200,0.25,종합채권 01Y,0.75
176,180,한국투자신탁운용,한국투자미국배당귀족증권자투자신탁H(주식)(C-Re),2.01,-3.21,-7.95,1.94,10.17,6.08,높은위험,S&P 500,3,2,S&P 500,1.0,,
177,181,삼성자산운용,삼성퇴직연금인덱스증권자투자신탁1[주식]C,7.16,5.47,13.43,1.92,12.09,10.50,높은위험,KOSPI200,3,2,KOSPI200,1.0,,
178,182,슈로더투자신탁운 용,슈로더글로벌지속가능성장주증권투자신탁(주식-재간접형)종류C-CP(퇴직연금),6.0,0.01,0.43,1.81,17.93,24.63,높은위험,MSCI ACWI,3,2,MSCI ACWI,1.0,,
179,183,미래에셋자산운용,미래에셋퇴직연금스마트롱숏50증권자투자신탁1(주식혼합)종류C,3.33,2.6,6.89,1.70,11.96,12.50,낮은위험,KOSPI200 25% + 종합채권 01Y 75%,1,3,KOSPI200,0.25,종합채권 01Y,0.75
180,184,한국투자신탁운용,한국투자미국배당귀족증권자투자신탁H(주식)(C-R),1.97,-3.33,-8.17,1.48,9.17,4.63,높은위험,S&P 500,3,2,S&P 500,1.0,,
181,185,미래에셋자산운용,미래에셋퇴직연금배당커버드콜액티브증권자투자신탁1(주식혼합)종류C-P2e,5.05,4.39,12.29,0.83,15.94,12.12,다소높은위험,KOSPI200 50% + 종합채권 01Y 50%,4,0,KOSPI200,0.5,종합채권 01Y,0.5
182,186,미래에셋자산운용,미래에셋퇴직연금배당커버드콜액티브증권자투자신탁1(주식혼합)종류C,5.03,4.33,12.17,0.60,15.41,11.36,다소높은위험,KOSPI200 50% + 종합채권 01Y 50%,4,0,KOSPI200,0.5,종합채권 01Y,0.5
183,187,신영자산운용,신영마라톤증권투자신탁(주식)C-P2e,6.81,5.58,11.01,0.30,11.63,6.60,높은위험,KOSPI200,3,2,KOSPI200,1.0,,
184,188,신영자산운용,신영마라톤증권투자신탁(주식)C-P2형,6.78,5.47,10.78,-0.13,10.69,5.24,높은위험,KOSPI200,3,2,KOSPI200,1.0,,
185,189,이스트스프링자산 운용,이스트스프링차이나드래곤AShare증권자투자신탁(H)[주식]클래스C-P(퇴직연금)E,0.62,-5.57,-3.58,-1.88,-15.07,-24.06,높은위험,"CSI 300 LOCAL 90% + CALL
10%",3,2,CSI 300 LOCAL,0.9,,
186,190,신한자산운용,신한삼성전자알파증권자투자신탁1[채권혼합](종류C-re),0.24,0.99,2.39,-2.24,2.51,6.38,보통위험,KOSPI200 25% + 종합채권 01Y 75%,2,1,KOSPI200,0.25,종합채권 01Y,0.75
187,191,이스트스프링자산 운용,이스트스프링차이나드래곤AShare증권자투자신탁(H)[주식]클래스C-P(퇴직연금),0.59,-5.66,-3.77,-2.28,-15.75,-24.97,높은위험,"CSI 300 LOCAL 90% + CALL
10%",3,2,CSI 300 LOCAL,0.9,,
188,192,신한자산운용,신한삼성전자알파증권자투자신탁1[채권혼합](종류C-r),0.23,0.95,2.32,-2.39,2.18,5.87,보통위험,KOSPI200 25% + 종합채권 01Y 75%,2,1,KOSPI200,0.25,종합채권 01Y,0.75
189,193,키움투자자산운용,키움차세대모빌리티증권자투자신탁1[주식]C-P2e(퇴직연금),3.02,0.28,6.45,-4.39,-0.57,5.49,높은위험,KOSPI200,3,2,KOSPI200,1.0,,
190,194,한국투자신탁운용,한국투자연금베트남그로스증권자투자신탁(주식)(C-Re),6.93,-6.28,-3.19,-4.52,14.02,-2.79,높은위험,베트남 호치민(LOCAL),3,2,베트남 호치민(LOCAL),1.0,,
191,195,키움투자자산운용,키움차세대모빌리티증권자투자신탁1[주식]C-P2(퇴직연금),2.99,0.18,6.24,-4.78,-1.38,4.22,높은위험,KOSPI200,3,2,KOSPI200,1.0,,
192,196,한국투자신탁운용,한국투자연금베트남그로스증권자투자신탁(주식)(C-R),6.9,-6.39,-3.41,-4.95,12.98,-4.12,높은위험,베트남 호치민(LOCAL),3,2,베트남 호치민(LOCAL),1.0,,
193,197,NH-Amundi자산 운용,NH-Amundi필승코리아증권투자신탁[주식]ClassC-P2e(퇴직연금),9.52,5.97,26.69,-6.89,16.75,21.78,높은위험,KOSPI200,3,2,KOSPI200,1.0,,
194,198,NH-Amundi자산 운용,NH-Amundi필승코리아증권투자신탁[주식]ClassC-P2(퇴직연금),9.52,5.95,26.63,-7.01,16.46,21.33,높은위험,KOSPI200,3,2,KOSPI200,1.0,,
195,199,교보악사자산운용,교보악사로보테크증권자투자신탁1(H)[주식]ClassC-Re,7.9,-5.21,-6.94,-7.03,12.12,21.84,높은위험,MSCI ACWI  90% + Call 10%,3,2,MSCI ACWI,0.9,,
196,200,삼성자산운용,삼성글로벌반도체증권자투자신탁UH[주식]_Cpe(퇴직),8.45,-6.59,0.48,-7.26,46.35,72.19,높은위험,MSCI ACWI Information Technology,3,2,MSCI ACWI Information Technology,1.0,,
197,201,교보악사자산운용,교보악사로보테크증권자투자신탁1(H)[주식]ClassC-R,7.87,-5.29,-7.1,-7.36,11.34,20.59,높은위험,MSCI ACWI  90% + Call 10%,3,2,MSCI ACWI,0.9,,
198,202,삼성자산운용,삼성글로벌반도체증권자투자신탁UH[주식]_Cp(퇴직),8.42,-6.68,0.31,-7.58,45.39,70.46,높은위험,MSCI ACWI Information Technology,3,2,MSCI ACWI Information Technology,1.0,,
199,203,한화자산운용,한화글로벌헬스케어증권자투자신탁(주식)종류RPe(퇴직연금),-4.5,-10.02,-8.79,-7.99,-7.29,-0.35,다소높은위험,MSCI ACWI Health Care,4,0,MSCI ACWI Health Care,1.0,,
200,204,한화자산운용,한화글로벌헬스케어증권자투자신탁(주식)종류RP(퇴직연금),-4.52,-10.08,-8.91,-8.23,-7.76,-1.10,다소높은위험,MSCI ACWI Health Care,4,0,MSCI ACWI Health Care,1.0,,
201,205,유리자산운용,유리필라델피아반도체인덱스증권자투자신탁UH[주식]ClassC-P1e,8.4,-7.06,-2.18,-8.71,42.84,66.29,매우높은위험,MSCI ACWI Information Technology,5,4,MSCI ACWI Information Technology,1.0,,
202,206,유리자산운용,유리필라델피아반도체인덱스증권자투자신탁UH[주식]ClassC-P1,8.38,-7.12,-2.29,-8.93,42.18,65.15,매우높은위험,MSCI ACWI Information Technology,5,4,MSCI ACWI Information Technology,1.0,,
203,207,유리자산운용,유리필라델피아반도체인덱스증권자투자신탁H[주식]ClassC-P1e,11.7,-4.11,-2.11,-10.97,31.47,43.18,매우높은위험,MSCI ACWI Information Technology,5,4,MSCI ACWI Information Technology,1.0,,
204,208,삼성자산운용,삼성글로벌반도체증권자투자신탁H[주식]_Cpe(퇴직),12.76,-3.89,-0.12,-11.17,34.38,49.49,매우높은위험,MSCI ACWI Information Technology,5,4,MSCI ACWI Information Technology,1.0,,
205,209,유리자산운용,유리필라델피아반도체인덱스증권자투자신탁H[주식]ClassC-P1,11.68,-4.17,-2.22,-11.19,30.86,42.19,매우높은위험,MSCI ACWI Information Technology,5,4,MSCI ACWI Information Technology,1.0,,
206,210,다올자산운용,다올글로벌멀티에셋인컴EMP증권자투자신탁[혼합-재간접형](공)종류CPe,1.69,-7.57,-7.44,-11.27,5.48,-6.22,높은위험,MSCI ACWI CR 75% + 종합채 권01Y 25%,3,2,MSCI ACWI CR,0.75,종합채 권01Y,0.25
207,211,삼성자산운용,삼성글로벌반도체증권자투자신탁H[주식]_Cp(퇴직),12.73,-3.97,-0.28,-11.47,33.49,47.99,매우높은위험,MSCI ACWI Information Technology,5,4,MSCI ACWI Information Technology,1.0,,
208,212,다올자산운용,다올글로벌멀티에셋인컴EMP증권자투자신탁[혼합-재간접형](공)종류CP,1.67,-7.64,-7.58,-11.54,4.85,-7.06,높은위험,MSCI ACWI CR 75% + 종합채 권01Y 25%,3,2,MSCI ACWI CR,0.75,종합채 권01Y,0.25
209,213,한화,PLUSK방산,16.75,63.05,37.41,131.65,211.15,258.34,높은위험,KOSPI200,3,2,KOSPI200,1.0,,
210,214,미래에셋,TIGER200중공업,18.99,19.44,32.42,83.82,136.20,167.58,매우높은위험,KOSPI200 중공업,5,4,KOSPI200 중공업,1.0,,
211,215,미래에셋,TIGER미디어컨텐츠,12.53,21.89,15.08,56.47,-14.25,-8.89,매우높은위험,KRX 미디어통신,5,4,KRX 미디어통신,1.0,,
212,216,미래에셋,TIGER차이나항셍테크,-11.64,4.47,-17.66,54.09,40.20,46.15,매우높은위험,MSCI CHINA,5,4,MSCI CHINA,1.0,,
213,217,삼성,KODEX미국AI전력핵심인프라,7.6,-18.38,15.74,48.63,-,-,높은위험,MSCI NORTH AMERICA,3,2,MSCI NORTH AMERICA,1.0,,
214,218,KB,RISE수소경제테마,11.18,19.88,16.13,37.24,12.13,25.09,높은위험,KOSPI200,3,2,KOSPI200,1.0,,
215,219,KB,RISE차이나HSCEI(H),-6.3,8.76,-4.2,36.28,23.81,36.77,높은위험,항셍 차이나기업(H),3,2,항셍 차이나기업(H),1.0,,
216,220,한국투자,ACEKRX금현물,1.82,13.61,4.77,32.75,74.82,71.34,다소높은위험,Rogers International Commodity TR,4,0,Rogers International Commodity TR,1.0,,
217,221,신한,SOL미국AI소프트웨어,4.47,-6.4,2.13,31.59,-,-,높은위험,MSCI ACWI Information Technology,3,2,MSCI ACWI Information Technology,1.0,,
218,222,미래에셋,TIGER화장품,13.73,17.89,30.35,31.15,44.61,66.65,매우높은위험,KOSPI200 생활소비재,5,4,KOSPI200 생활소비재,1.0,,
219,223,미래에셋,TIGER테슬라채권혼합Fn,3.99,-6.4,7.22,26.66,39.09,41.17,보통위험,KOSPI200 25% + 종합채권01Y 75%,2,1,KOSPI200,0.25,종합채권01Y,0.75
220,224,삼성,KODEX운송,-2.14,-11.16,9.67,24.47,10.49,40.42,높은위험,KRX 운송,3,2,KRX 운송,1.0,,
221,225,삼성,KODEX미국빅테크10(H),6.62,-9.16,4.25,23.50,89.68,86.50,매우높은위험,MSCI ACWI Information Technology,5,4,MSCI ACWI Information Technology,1.0,,
222,226,한국투자,ACE미국빅테크TOP7Plus,-2.59,-16.07,-3.29,19.34,-,-,높은위험,MSCI ACWI Information Technology,3,2,MSCI ACWI Information Technology,1.0,,
223,227,KB,RISE중국본토대형주CSI100,-7.4,-2.61,-6.85,18.25,-2.65,3.78,높은위험,MSCI CHINA A(로컬),3,2,MSCI CHINA A(로컬),1.0,,
224,228,삼성,KODEX은행,7.98,4.66,15.0,17.03,65.34,81.83,매우높은위험,KRX 은행,5,4,KRX 은행,1.0,,
225,229,한화,PLUS고배당주,6.59,5.88,16.68,16.41,52.29,70.45,높은위험,코스피 고배당 50,3,2,코스피 고배당 50,1.0,,
226,230,미래에셋,TIGER중국소비테마,9.09,17.59,13.77,16.16,1.72,10.52,높은위험,KOSPI200,3,2,KOSPI200,1.0,,
227,231,미래에셋,TIGER미국테크TOP10INDXX,-2.32,-15.64,-4.1,14.94,84.52,82.43,매우높은위험,MSCI ACWI Information Technology,5,4,MSCI ACWI Information Technology,1.0,,
228,232,KB,RISE미국나스닥100,-2.16,-11.02,-3.65,14.03,59.01,60.17,높은위험,나스닥 100,3,2,나스닥 100,1.0,,
229,233,미래에셋,TIGER미국나스닥100,-2.22,-11.02,-3.73,13.89,58.69,59.78,높은위험,나스닥 100,3,2,나스닥 100,1.0,,
230,234,KB,RISE글로벌자산배분액티브,-0.12,-0.3,-0.4,10.93,-,-,보통위험,"국내상장 ETF 합성지수(KBSTAR글로벌 자산배분액티브증권상장지수투자신탁
(혼합-재간접형) 투설 기준)",2,1,국내상장 ETF 합성지수(KBSTAR글로벌 자산배분액티브증권상장지수투자신탁(혼합-재간접형) 투설 기준),1.0,,
231,235,한국투자,ACE미국나스닥100채권혼합액티브,-2.34,-3.94,-2.83,10.06,29.42,28.51,보통위험,"MSCI NORTH AMERICA CR 25% + 종
합채권01Y 75%",2,1,MSCI NORTH AMERICA CR,0.25,합채권01Y,0.75
232,236,삼성,KODEX선진국MSCIWorld,-3.17,-7.2,-3.75,9.83,41.02,46.02,다소높은위험,"제로인 MSCI WI(KRW Hedged, 100%)",4,0,"제로인 MSCI WI(KRW Hedged,",1.0,,
233,237,미래에셋,TIGER미국S&P500,-3.81,-10.18,-5.5,9.39,45.72,50.28,높은위험,S&P 500,3,2,S&P 500,1.0,,
234,238,KB,RISE미국S&P500,-3.79,-10.23,-5.52,9.36,45.79,50.32,높은위험,S&P 500(KRW),3,2,S&P 500(KRW),1.0,,
235,239,한국투자,ACE미국S&P500,-3.81,-10.22,-5.5,9.34,45.67,50.21,높은위험,S&P 500,3,2,S&P 500,1.0,,
236,240,삼성,KODEX미국나스닥100(H),1.31,-9.44,0.52,8.99,42.42,46.79,높은위험,MSCI NORTH AMERICA,3,2,MSCI NORTH AMERICA,1.0,,
237,241,한화,PLUS고배당주채권혼합,3.35,3.34,7.5,8.89,24.69,31.01,보통위험,KOSPI200 25% + 종합채권01Y 75%,2,1,KOSPI200,0.25,종합채권01Y,0.75
238,242,한국투자,ACE미국S&P500채권혼합액티브,-2.93,-3.67,-3.63,8.33,25.43,25.35,보통위험,"MSCI NORTH AMERICA CR 25% + 종
합채권01Y 75%",2,1,MSCI NORTH AMERICA CR,0.25,합채권01Y,0.75
239,243,미래에셋,TIGER소프트웨어,4.77,-1.36,-2.98,8.18,-10.79,-6.75,매우높은위험,KRX 미디어통신,5,4,KRX 미디어통신,1.0,,
240,244,미래에셋,TIGER여행레저,7.69,-0.32,4.8,7.29,-18.61,-13.63,매우높은위험,KOSPI200 경기소비재,5,4,KOSPI200 경기소비재,1.0,,
241,245,미래에셋,TIGER미국달러단기채권액티브,-3.17,-1.09,-3.65,6.49,16.08,13.65,다소높은위험,Bloomberg Barclays U.S. AGGREGATE 90%,4,0,Bloomberg Barclays U.S. AGGREGATE,0.9,,
242,246,신한,SOL미국S&P500ESG,-4.52,-10.94,-6.61,5.48,42.62,45.56,높은위험,MSCI NORTH AMERICA,3,2,MSCI NORTH AMERICA,1.0,,
243,247,미래에셋,TIGER미국S&P500동일가중,-5.22,-9.21,-6.29,5.41,-,-,높은위험,MSCI NORTH AMERICA,3,2,MSCI NORTH AMERICA,1.0,,
244,248,삼성,KODEX종합채권(AA-이상)액티브,1.2,2.37,0.89,4.86,13.38,14.07,낮은위험,종합채권03Y 90%,1,3,종합채권03Y,0.9,,
245,249,삼성,KODEX미국S&P500(H),-0.53,-8.76,-1.49,4.40,30.30,37.56,높은위험,MSCI NORTH AMERICA,3,2,MSCI NORTH AMERICA,1.0,,
246,250,삼성,KODEX코스피,3.08,2.75,4.75,4.35,7.08,11.47,높은위험,KOSPI,3,2,KOSPI,1.0,,
247,251,한국투자,ACE글로벌인컴TOP10SOLACTIVE,-4.52,-6.28,-7.28,4.27,-,-,높은위험,MSCI ACWI CR 75% + 종합채권01Y 25%,3,2,MSCI ACWI CR,0.75,종합채권01Y,0.25
248,252,한국투자,ACE국고채10년,1.85,3.01,0.65,4.25,12.65,13.24,보통위험,국공채02Y 90%,2,1,국공채02Y,0.9,,
249,253,KB,RISE고배당,3.3,4.17,9.24,3.60,26.37,32.57,높은위험,KOSPI200,3,2,KOSPI200,1.0,,
250,254,삼성,KODEX국고채3년,1.02,1.45,1.19,3.30,8.76,9.11,낮은위험,종합채권03Y 90%,1,3,종합채권03Y,0.9,,
251,255,삼성,KODEX200TR,1.95,2.88,5.7,3.11,8.60,12.87,높은위험,KOSPI200,3,2,KOSPI200,1.0,,
252,256,삼성,KODEX200,1.94,2.87,5.69,3.02,8.51,12.77,높은위험,KOSPI200,3,2,KOSPI200,1.0,,
253,257,미래에셋,TIGER200,1.95,2.88,5.7,3.00,8.58,12.87,높은위험,KOSPI200,3,2,KOSPI200,1.0,,
254,258,KB,RISE머니마켓액티브,0.29,0.82,0.8,2.67,-,8.22,낮은위험,KAP CD 6개월  90%,1,3,KAP CD 6개월,0.9,,
255,259,삼성,KODEX단기채권PLUS,0.34,0.81,0.82,2.64,7.43,7.55,매우낮은위험,종합채권02Y 90%,0,5,종합채권02Y,0.9,,
256,260,미래에셋,TIGER일본니케이225,-2.58,-3.36,-2.28,2.17,31.05,25.40,높은위험,NIKKEI 225,3,2,NIKKEI 225,1.0,,
257,261,한국투자,ACE미국배당다우존스,-9.42,-8.83,-11.13,-1.06,22.74,24.74,다소높은위험,MSCI NORTH AMERICA,4,0,MSCI NORTH AMERICA,1.0,,
258,262,신한,SOL미국배당다우존스,-9.45,-8.94,-11.24,-1.24,22.58,24.40,높은위험,MSCI NORTH AMERICA,3,2,MSCI NORTH AMERICA,1.0,,
259,263,미래에셋,TIGER미국필라델피아반도체나스닥,-5.62,-18.55,-7.74,-1.47,51.81,50.70,매우높은위험,MSCI ACWI Information Technology,5,4,MSCI ACWI Information Technology,1.0,,
260,264,미래에셋,TIGER미국투자등급회사채액티브(H),-0.08,1.06,-2.01,-2.65,-,4.47,보통위험,Bloomberg Barclays U.S. AGGREGATE 90%,2,1,Bloomberg Barclays U.S. AGGREGATE,0.9,,
261,265,미래에셋,TIGER헬스케어,4.77,-4.81,-7.99,-3.07,37.68,34.67,매우높은위험,KRX 건강산업,5,4,KRX 건강산업,1.0,,
262,266,미래에셋,TIGER리츠부동산인프라,3.38,8.24,1.3,-3.71,9.89,4.25,다소높은위험,KOSPI200,4,0,KOSPI200,1.0,,
263,267,신한,SOL미국배당다우존스(H),-6.37,-7.45,-7.39,-5.63,10.13,14.15,높은위험,MSCI NORTH AMERICA,3,2,MSCI NORTH AMERICA,1.0,,
264,268,삼성,KODEX코스닥150,5.04,-5.14,-9.39,-5.79,-9.72,-5.98,매우높은위험,코스닥 150,5,4,코스닥 150,1.0,,
265,269,KB,RISE코스닥150,5.09,-5.17,-9.39,-5.97,-10.14,-6.38,매우높은위험,코스닥 150,5,4,코스닥 150,1.0,,
266,270,삼성,KODEX삼성그룹,1.08,0.78,0.62,-6.03,-6.54,-3.30,높은위험,KOSPI200,3,2,KOSPI200,1.0,,
267,271,삼성,KODEX자동차,-0.35,-2.31,-1.68,-6.47,3.72,-1.23,높은위험,KRX 자동차,3,2,KRX 자동차,1.0,,
268,272,KB,RISE게임테마,4.7,-2.56,-3.01,-6.91,-26.15,-20.35,매우높은위험,KOSPI200,5,4,KOSPI200,1.0,,
269,273,삼성,KODEX반도체,-3.68,-8.59,-4.91,-6.99,7.88,6.03,매우높은위험,KRX 반도체,5,4,KRX 반도체,1.0,,
270,274,미래에셋,TIGER인도빌리언컨슈머,2.72,0.93,3.85,-7.77,-,-,높은위험,MSCI INDIA,3,2,MSCI INDIA,1.0,,
271,275,KB,RISE비메모리반도체액티브,-3.71,-9.73,-8.52,-11.06,8.82,5.58,매우높은위험,KOSPI200,5,4,KOSPI200,1.0,,
272,276,미래에셋,TIGERBBIG,1.05,-7.32,-11.31,-11.07,-17.89,-17.07,높은위험,KOSPI200,3,2,KOSPI200,1.0,,
273,277,신한,SOLAI반도체소부장,-2.93,-14.2,-10.09,-12.24,2.10,0.24,높은위험,KRX 반도체,3,2,KRX 반도체,1.0,,
274,278,한국투자,ACE미국30년국채액티브(H),-0.09,2.69,-6.98,-12.37,-12.78,-13.76,낮은위험,Bloomberg Barclays U.S. AGGREGATE,1,3,Bloomberg Barclays U.S. AGGREGATE,1.0,,
275,279,미래에셋,TIGER200IT,-4.1,-7.98,-2.8,-12.94,-15.05,-13.74,높은위험,KOSPI200 정보기술,3,2,KOSPI200 정보기술,1.0,,
276,280,미래에셋,TIGER미국나스닥바이오,-6.51,-9.65,-13.43,-13.31,6.97,4.10,높은위험,나스닥 생명과학,3,2,나스닥 생명과학,1.0,,
277,281,미래에셋,TIGER2차전지테마,-4.63,-14.13,-25.27,-38.73,-56.01,-57.42,매우높은위험,KOSPI200,5,4,KOSPI200,1.0,,
278,282,삼성,KODEX2차전지산업,-4.49,-15.12,-26.43,-40.17,-61.85,-64.03,매우높은위험,KOSPI200,5,4,KOSPI200,1.0,,
279,283,미래에셋,TIGER코리아밸류업,1.81,2.51,7.79,-,-,-,높은위험,KOSPI200,3,2,KOSPI200,1.0,,
280,284,신한,SOL미국배당미국채혼합50,-5.88,-3.5,-8.05,-,-,-,보통위험,"MSCI NORTH AMERICA CR 25% + 종
합채권01Y 75%",2,1,MSCI NORTH AMERICA CR,0.25,합채권01Y,0.75
